age_ID,educ_ID,age_bins,educ_bins,utility,l2_norm,KLDiv,gpt_semantics
18,39,[17.   18.7  24.49 30.73 55.  ],[ 3.    4.36  6.64  8.    9.   10.   11.   12.   16.  ],0.00227362296228635,0.43724864057670276,0.4365207182157169,1.0
18,40,[17.   18.7  24.49 30.73 55.  ],[ 3.    4.44  5.89  7.33  8.78 10.22 11.67 13.11 14.56 16.  ],9.394239807840307e-15,0.39107895539656357,0.4225693212780933,1.0
18,44,[17.   18.7  24.49 30.73 55.  ],[ 3.    4.36  6.64  8.    9.   10.   11.   12.   13.   16.  ],2.7422180363287996e-12,0.40855844267589836,0.43093070965677216,1.0
18,45,[17.   18.7  24.49 30.73 55.  ],[ 3.   4.3  5.6  6.9  8.2  9.5 10.8 12.1 13.4 14.7 16. ],6.601881524597155e-14,0.36943570938739945,0.41451354395980594,1.0
18,49,[17.   18.7  24.49 30.73 55.  ],[ 3.    3.83  5.5   7.    8.    9.   10.   11.   12.   13.   16.  ],2.7410701465306993e-12,0.3878742660950846,0.389362930732047,1.0
18,68,[17.   18.7  24.49 30.73 55.  ],[ 3.    8.    8.43  9.   10.   11.   12.   16.  ],0.001269621287679883,0.47077183633993613,0.5880935213789147,1.0
18,88,[17.   18.7  24.49 30.73 55.  ],[ 3.    7.67  8.    9.   10.   11.   12.   16.  ],2.58514248713288e-09,0.4696921787582031,0.4975157859533099,1.0
18,93,[17.   18.7  24.49 30.73 55.  ],[ 3.    7.    8.    9.   10.   10.68 11.   12.   16.  ],4.7725259318525594e-08,0.4467839382643777,0.4975157859533099,1.0
18,98,[17.   18.7  24.49 30.73 55.  ],[ 3.  7.  8.  9. 10. 11. 12. 16.],2.58514248713288e-09,0.46871068781999503,0.4975157859533099,1.0
18,100,[17.   18.7  24.49 30.73 55.  ],[ 3.   7.5  8.5 12.5 14.5 16. ],0.004718023609159067,0.5485936548043805,0.5715012537905108,1.0
19,0,[17.  24.6 32.2 39.8 47.4 55. ],[ 0. 11. 12. 15. 16.],5.766995834039833e-66,0.8598344673861325,0.8368632163235411,2.5
19,1,[17.  24.6 32.2 39.8 47.4 55. ],[ 3.   9.5 16. ],1.8698379466865176e-43,0.6323510294070056,0.7290442492515201,1.0
19,3,[17.  24.6 32.2 39.8 47.4 55. ],[ 3. 10. 16.],7.879572885703894e-11,0.6326309402278958,0.7842221815522126,1.0
19,6,[17.  24.6 32.2 39.8 47.4 55. ],[ 3.    8.07 16.  ],1.4365444039627051e-49,0.6309353563808396,0.6800223562927451,1.0
19,7,[17.  24.6 32.2 39.8 47.4 55. ],[ 3.    7.33 11.67 16.  ],3.623872908960422e-33,0.6911227861793761,0.6081377486666082,1.0
19,9,[17.  24.6 32.2 39.8 47.4 55. ],[ 3. 10. 11. 16.],7.779012121770478e-21,0.6946464706193473,0.7680767107524027,1.0
19,12,[17.  24.6 32.2 39.8 47.4 55. ],[ 3.    5.64  9.3  16.  ],9.733136181668444e-48,0.6844774774894145,0.5930080296197424,1.0
19,13,[17.  24.6 32.2 39.8 47.4 55. ],[ 3.    6.25  9.5  12.75 16.  ],3.1585091943184744e-27,0.7937631211237388,0.5637968525513639,1.0
19,15,[17.  24.6 32.2 39.8 47.4 55. ],[ 3.  9. 10. 11. 16.],0.02180635021519553,0.8018691711838868,0.6837295809879367,1.0
19,18,[17.  24.6 32.2 39.8 47.4 55. ],[ 3.    4.88  8.51 10.53 16.  ],4.757740647413927e-18,0.7703154393771671,0.5480619054394142,1.0
19,19,[17.  24.6 32.2 39.8 47.4 55. ],[ 3.   5.6  8.2 10.8 13.4 16. ],2.0268235422488785e-06,0.675700798650282,0.5277309754066342,1.0
19,21,[17.  24.6 32.2 39.8 47.4 55. ],[ 3.  9. 10. 11. 12. 16.],7.537749253280289e-16,0.6836121089722571,0.6780059758621334,1.0
19,24,[17.  24.6 32.2 39.8 47.4 55. ],[ 3.    4.88  8.51 10.   11.   16.  ],7.79771402416768e-14,0.6671342701040553,0.5480619054394142,1.0
19,25,[17.  24.6 32.2 39.8 47.4 55. ],[ 3.    5.17  7.33  9.5  11.67 13.83 16.  ],0.5744491287154277,0.6207960135326717,0.4868363575734035,1.0
19,29,[17.  24.6 32.2 39.8 47.4 55. ],[ 3.    4.88  7.81  9.   10.   11.   16.  ],0.00013226062896182594,0.6312791834435987,0.48339051679196077,1.0
19,30,[17.  24.6 32.2 39.8 47.4 55. ],[ 3.    4.86  6.71  8.57 10.43 12.29 14.14 16.  ],0.14087383521542582,0.582759837076742,0.46774323949486607,1.0
19,33,[17.  24.6 32.2 39.8 47.4 55. ],[ 3.    8.43  9.   10.   11.   12.   16.  ],6.15437148361362e-11,0.6400077074175025,0.5907154972725619,1.0
19,34,[17.  24.6 32.2 39.8 47.4 55. ],[ 3.    4.88  7.81  9.   10.   11.   12.   16.  ],7.616364021555238e-12,0.6011856139781946,0.4672450459921508,1.0
19,35,[17.  24.6 32.2 39.8 47.4 55. ],[ 3.    4.62  6.25  7.88  9.5  11.12 12.75 14.38 16.  ],0.00012361317578055988,0.5529968633058844,0.4474932206249723,1.0
19,38,[17.  24.6 32.2 39.8 47.4 55. ],[ 3.  8.  9. 10. 11. 12. 16.],6.15437148361362e-11,0.6394554313747354,0.5907154972725619,1.0
19,39,[17.  24.6 32.2 39.8 47.4 55. ],[ 3.    4.36  6.64  8.    9.   10.   11.   12.   16.  ],0.0018712168179732167,0.5743010565424504,0.43914269410936413,1.0
19,40,[17.  24.6 32.2 39.8 47.4 55. ],[ 3.    4.44  5.89  7.33  8.78 10.22 11.67 13.11 14.56 16.  ],1.193466954674501e-15,0.5281313713623113,0.42519129717174053,1.0
19,44,[17.  24.6 32.2 39.8 47.4 55. ],[ 3.    4.36  6.64  8.    9.   10.   11.   12.   13.   16.  ],1.4442809837597687e-12,0.545610858641646,0.43355268555041937,1.0
19,45,[17.  24.6 32.2 39.8 47.4 55. ],[ 3.   4.3  5.6  6.9  8.2  9.5 10.8 12.1 13.4 14.7 16. ],2.998643255314068e-15,0.5064881253531471,0.41713551985345315,1.0
19,49,[17.  24.6 32.2 39.8 47.4 55. ],[ 3.    3.83  5.5   7.    8.    9.   10.   11.   12.   13.   16.  ],1.4323462157464174e-12,0.5249266820608323,0.3919849066256942,1.0
19,68,[17.  24.6 32.2 39.8 47.4 55. ],[ 3.    8.    8.43  9.   10.   11.   12.   16.  ],0.003842605209660248,0.6078242523056838,0.5907154972725619,1.0
19,88,[17.  24.6 32.2 39.8 47.4 55. ],[ 3.    7.67  8.    9.   10.   11.   12.   16.  ],2.1061243444926657e-09,0.6067445947239507,0.5001377618469571,1.0
19,93,[17.  24.6 32.2 39.8 47.4 55. ],[ 3.    7.    8.    9.   10.   10.68 11.   12.   16.  ],2.071755411768618e-08,0.5838363542301253,0.5001377618469571,1.0
19,98,[17.  24.6 32.2 39.8 47.4 55. ],[ 3.  7.  8.  9. 10. 11. 12. 16.],2.1061243444926657e-09,0.6057631037857427,0.5001377618469571,1.0
19,100,[17.  24.6 32.2 39.8 47.4 55. ],[ 3.   7.5  8.5 12.5 14.5 16. ],4.199091492274475e-06,0.6856460707701282,0.574123229684158,1.0
21,0,[17.  19.  23.  25.4 30.  55. ],[ 0. 11. 12. 15. 16.],1.6323721233045413e-64,0.8258724639552892,0.7766034333902416,3.0
21,1,[17.  19.  23.  25.4 30.  55. ],[ 3.   9.5 16. ],1.2730321867645013e-38,0.5983890259761624,0.6687844663182205,1.5
21,3,[17.  19.  23.  25.4 30.  55. ],[ 3. 10. 16.],1.1161815177145065e-10,0.5986689367970526,0.723962398618913,1.5
21,6,[17.  19.  23.  25.4 30.  55. ],[ 3.    8.07 16.  ],2.882988072359035e-45,0.5969733529499964,0.6197625733594456,1.5
21,7,[17.  19.  23.  25.4 30.  55. ],[ 3.    7.33 11.67 16.  ],7.224838720844151e-32,0.6571607827485328,0.5478779657333087,1.5
21,9,[17.  19.  23.  25.4 30.  55. ],[ 3. 10. 11. 16.],1.7049264926480323e-18,0.660684467188504,0.7078169278191032,1.5
21,12,[17.  19.  23.  25.4 30.  55. ],[ 3.    5.64  9.3  16.  ],9.901141707101953e-43,0.6505154740585712,0.5327482466864428,1.5
21,13,[17.  19.  23.  25.4 30.  55. ],[ 3.    6.25  9.5  12.75 16.  ],1.1203070898508464e-24,0.7598011176928956,0.5035370696180643,1.5
21,15,[17.  19.  23.  25.4 30.  55. ],[ 3.  9. 10. 11. 16.],0.008443188448152674,0.7679071677530436,0.6234697980546371,1.5
21,18,[17.  19.  23.  25.4 30.  55. ],[ 3.    4.88  8.51 10.53 16.  ],1.8823532991639773e-16,0.7363534359463239,0.48780212250611477,1.5
21,19,[17.  19.  23.  25.4 30.  55. ],[ 3.   5.6  8.2 10.8 13.4 16. ],2.972285924261205e-05,0.6417387952194388,0.4674711924733346,1.5
21,21,[17.  19.  23.  25.4 30.  55. ],[ 3.  9. 10. 11. 12. 16.],7.075258771063983e-15,0.6496501055414139,0.6177461929288339,1.5
21,24,[17.  19.  23.  25.4 30.  55. ],[ 3.    4.88  8.51 10.   11.   16.  ],6.212928821468695e-13,0.6331722666732121,0.48780212250611477,1.5
21,25,[17.  19.  23.  25.4 30.  55. ],[ 3.    5.17  7.33  9.5  11.67 13.83 16.  ],0.2190992001146669,0.5868340101018285,0.4265765746401039,1.5
21,29,[17.  19.  23.  25.4 30.  55. ],[ 3.    4.88  7.81  9.   10.   11.   16.  ],9.975167092669152e-05,0.5973171800127555,0.42313073385866123,1.5
21,30,[17.  19.  23.  25.4 30.  55. ],[ 3.    4.86  6.71  8.57 10.43 12.29 14.14 16.  ],0.05160617319704338,0.5487978336458987,0.4074834565615666,1.5
21,33,[17.  19.  23.  25.4 30.  55. ],[ 3.    8.43  9.   10.   11.   12.   16.  ],8.215220881474567e-11,0.6060457039866592,0.5304557143392623,1.5
21,34,[17.  19.  23.  25.4 30.  55. ],[ 3.    4.88  7.81  9.   10.   11.   12.   16.  ],4.273101173424791e-11,0.5672236105473514,0.4069852630588513,1.5
21,35,[17.  19.  23.  25.4 30.  55. ],[ 3.    4.62  6.25  7.88  9.5  11.12 12.75 14.38 16.  ],0.00013435374254534686,0.5190348598750412,0.3872334376916728,1.5
21,38,[17.  19.  23.  25.4 30.  55. ],[ 3.  8.  9. 10. 11. 12. 16.],8.215220881474567e-11,0.6054934279438922,0.5304557143392623,1.5
21,39,[17.  19.  23.  25.4 30.  55. ],[ 3.    4.36  6.64  8.    9.   10.   11.   12.   16.  ],0.002210045028340981,0.5403390531116072,0.37888291117606454,1.5
21,40,[17.  19.  23.  25.4 30.  55. ],[ 3.    4.44  5.89  7.33  8.78 10.22 11.67 13.11 14.56 16.  ],4.812617672083587e-15,0.49416936793146804,0.36493151423844095,1.5
21,44,[17.  19.  23.  25.4 30.  55. ],[ 3.    4.36  6.64  8.    9.   10.   11.   12.   13.   16.  ],2.4975430571246803e-12,0.5116488552108028,0.37329290261711984,1.5
21,45,[17.  19.  23.  25.4 30.  55. ],[ 3.   4.3  5.6  6.9  8.2  9.5 10.8 12.1 13.4 14.7 16. ],6.558200953626817e-14,0.4725261219223039,0.3568757369201536,1.5
21,49,[17.  19.  23.  25.4 30.  55. ],[ 3.    3.83  5.5   7.    8.    9.   10.   11.   12.   13.   16.  ],2.238843344827768e-12,0.49096467862998905,0.33172512369239465,1.5
21,68,[17.  19.  23.  25.4 30.  55. ],[ 3.    8.    8.43  9.   10.   11.   12.   16.  ],0.0008680678361238866,0.5738622488748406,0.5304557143392623,1.5
21,88,[17.  19.  23.  25.4 30.  55. ],[ 3.    7.67  8.    9.   10.   11.   12.   16.  ],1.9941331712856648e-09,0.5727825912931075,0.43987797891365754,1.5
21,93,[17.  19.  23.  25.4 30.  55. ],[ 3.    7.    8.    9.   10.   10.68 11.   12.   16.  ],3.37392240169969e-08,0.549874350799282,0.43987797891365754,1.5
21,98,[17.  19.  23.  25.4 30.  55. ],[ 3.  7.  8.  9. 10. 11. 12. 16.],1.9941331712856648e-09,0.5718011003548995,0.43987797891365754,1.5
21,100,[17.  19.  23.  25.4 30.  55. ],[ 3.   7.5  8.5 12.5 14.5 16. ],0.005200027033382544,0.651684067339285,0.5138634467508585,1.5
24,0,[17.   18.7  24.01 28.76 35.75 55.  ],[ 0. 11. 12. 15. 16.],4.5819483296645255e-65,0.8373528533148713,0.7875153290841379,2.5
24,1,[17.   18.7  24.01 28.76 35.75 55.  ],[ 3.   9.5 16. ],2.1117438394309895e-39,0.6098694153357445,0.6796963620121168,1.0
24,3,[17.   18.7  24.01 28.76 35.75 55.  ],[ 3. 10. 16.],1.8576063349774465e-10,0.6101493261566346,0.7348742943128093,1.0
24,6,[17.   18.7  24.01 28.76 35.75 55.  ],[ 3.    8.07 16.  ],4.422481169702211e-46,0.6084537423095786,0.6306744690533419,1.0
24,7,[17.   18.7  24.01 28.76 35.75 55.  ],[ 3.    7.33 11.67 16.  ],5.412573202556187e-32,0.6686411721081149,0.558789861427205,1.0
24,9,[17.   18.7  24.01 28.76 35.75 55.  ],[ 3. 10. 11. 16.],3.226289954081248e-19,0.6721648565480862,0.7187288235129995,1.0
24,12,[17.   18.7  24.01 28.76 35.75 55.  ],[ 3.    5.64  9.3  16.  ],1.3817359064199673e-43,0.6619958634181533,0.5436601423803391,1.0
24,13,[17.   18.7  24.01 28.76 35.75 55.  ],[ 3.    6.25  9.5  12.75 16.  ],1.1296734977397388e-24,0.7712815070524778,0.5144489653119606,1.0
24,15,[17.   18.7  24.01 28.76 35.75 55.  ],[ 3.  9. 10. 11. 16.],0.02353397419915223,0.7793875571126256,0.6343816937485334,1.0
24,18,[17.   18.7  24.01 28.76 35.75 55.  ],[ 3.    4.88  8.51 10.53 16.  ],7.744300609360249e-17,0.747833825305906,0.49871401820001104,1.0
24,19,[17.   18.7  24.01 28.76 35.75 55.  ],[ 3.   5.6  8.2 10.8 13.4 16. ],7.3709080511451185e-06,0.653219184579021,0.47838308816723085,1.0
24,21,[17.   18.7  24.01 28.76 35.75 55.  ],[ 3.  9. 10. 11. 12. 16.],1.9146061074376974e-15,0.6611304949009961,0.6286580886227302,1.0
24,24,[17.   18.7  24.01 28.76 35.75 55.  ],[ 3.    4.88  8.51 10.   11.   16.  ],4.920723243958063e-13,0.6446526560327943,0.49871401820001104,1.0
24,25,[17.   18.7  24.01 28.76 35.75 55.  ],[ 3.    5.17  7.33  9.5  11.67 13.83 16.  ],0.24172839977831037,0.5983143994614106,0.4374884703340002,1.0
24,29,[17.   18.7  24.01 28.76 35.75 55.  ],[ 3.    4.88  7.81  9.   10.   11.   16.  ],0.0001839335803415044,0.6087975693723375,0.4340426295525575,1.0
24,30,[17.   18.7  24.01 28.76 35.75 55.  ],[ 3.    4.86  6.71  8.57 10.43 12.29 14.14 16.  ],0.05220587871182986,0.5602782230054809,0.41839535225546287,1.0
24,33,[17.   18.7  24.01 28.76 35.75 55.  ],[ 3.    8.43  9.   10.   11.   12.   16.  ],5.555354822246375e-11,0.6175260933462414,0.5413676100331586,1.0
24,34,[17.   18.7  24.01 28.76 35.75 55.  ],[ 3.    4.88  7.81  9.   10.   11.   12.   16.  ],1.6987868545839876e-11,0.5787039999069334,0.4178971587527476,1.0
24,35,[17.   18.7  24.01 28.76 35.75 55.  ],[ 3.    4.62  6.25  7.88  9.5  11.12 12.75 14.38 16.  ],4.957305098463334e-05,0.5305152492346232,0.39814533338556907,1.0
24,38,[17.   18.7  24.01 28.76 35.75 55.  ],[ 3.  8.  9. 10. 11. 12. 16.],5.555354822246375e-11,0.6169738173034743,0.5413676100331586,1.0
24,39,[17.   18.7  24.01 28.76 35.75 55.  ],[ 3.    4.36  6.64  8.    9.   10.   11.   12.   16.  ],0.0014039422486372707,0.5518194424711893,0.3897948068699608,1.0
24,40,[17.   18.7  24.01 28.76 35.75 55.  ],[ 3.    4.44  5.89  7.33  8.78 10.22 11.67 13.11 14.56 16.  ],7.200305383099422e-15,0.5056497572910501,0.3758434099323372,1.0
24,44,[17.   18.7  24.01 28.76 35.75 55.  ],[ 3.    4.36  6.64  8.    9.   10.   11.   12.   13.   16.  ],2.0428991352892508e-12,0.523129244570385,0.3842047983110161,1.0
24,45,[17.   18.7  24.01 28.76 35.75 55.  ],[ 3.   4.3  5.6  6.9  8.2  9.5 10.8 12.1 13.4 14.7 16. ],4.618236661275897e-14,0.484006511281886,0.3677876326140499,1.0
24,49,[17.   18.7  24.01 28.76 35.75 55.  ],[ 3.    3.83  5.5   7.    8.    9.   10.   11.   12.   13.   16.  ],2.3590125817248277e-12,0.5024450679895711,0.34263701938629093,1.0
24,68,[17.   18.7  24.01 28.76 35.75 55.  ],[ 3.    8.    8.43  9.   10.   11.   12.   16.  ],0.0011248652951702997,0.5853426382344227,0.5413676100331586,1.0
24,88,[17.   18.7  24.01 28.76 35.75 55.  ],[ 3.    7.67  8.    9.   10.   11.   12.   16.  ],1.6725777925861315e-09,0.5842629806526897,0.4507898746075538,1.0
24,93,[17.   18.7  24.01 28.76 35.75 55.  ],[ 3.    7.    8.    9.   10.   10.68 11.   12.   16.  ],2.434313357415549e-08,0.5613547401588642,0.4507898746075538,1.0
24,98,[17.   18.7  24.01 28.76 35.75 55.  ],[ 3.  7.  8.  9. 10. 11. 12. 16.],1.6725777925861315e-09,0.5832814897144816,0.4507898746075538,1.0
24,100,[17.   18.7  24.01 28.76 35.75 55.  ],[ 3.   7.5  8.5 12.5 14.5 16. ],0.0010904710864680712,0.663164456698867,0.5247753424447548,1.0
25,0,[17.   23.33 29.67 36.   42.33 48.67 55.  ],[ 0. 11. 12. 15. 16.],4.899026653108373e-62,0.7821139179488066,0.7975012404986271,2.5
25,1,[17.   23.33 29.67 36.   42.33 48.67 55.  ],[ 3.   9.5 16. ],5.767007743779467e-51,0.5546304799696797,0.6896822734266062,1.0
25,3,[17.   23.33 29.67 36.   42.33 48.67 55.  ],[ 3. 10. 16.],4.00832885156254e-17,0.5549103907905699,0.7448602057272986,1.0
25,6,[17.   23.33 29.67 36.   42.33 48.67 55.  ],[ 3.    8.07 16.  ],1.994665454761424e-57,0.5532148069435139,0.6406603804678311,1.0
25,7,[17.   23.33 29.67 36.   42.33 48.67 55.  ],[ 3.    7.33 11.67 16.  ],5.333426252730121e-27,0.6134022367420502,0.5687757728416942,1.0
25,9,[17.   23.33 29.67 36.   42.33 48.67 55.  ],[ 3. 10. 11. 16.],2.2592181997033875e-15,0.6169259211820215,0.7287147349274887,1.0
25,12,[17.   23.33 29.67 36.   42.33 48.67 55.  ],[ 3.    5.64  9.3  16.  ],1.3419362933608711e-55,0.6067569280520886,0.5536460537948285,1.0
25,13,[17.   23.33 29.67 36.   42.33 48.67 55.  ],[ 3.    6.25  9.5  12.75 16.  ],4.396219585497579e-34,0.716042571686413,0.52443487672645,1.0
25,15,[17.   23.33 29.67 36.   42.33 48.67 55.  ],[ 3.  9. 10. 11. 16.],1.8958381122601874e-08,0.7241486217465609,0.6443676051630227,1.0
25,18,[17.   23.33 29.67 36.   42.33 48.67 55.  ],[ 3.    4.88  8.51 10.53 16.  ],4.194345512434856e-25,0.6925948899398413,0.5086999296145003,1.0
25,19,[17.   23.33 29.67 36.   42.33 48.67 55.  ],[ 3.   5.6  8.2 10.8 13.4 16. ],3.6022292931840966e-13,0.5979802492129562,0.48836899958172014,1.0
25,21,[17.   23.33 29.67 36.   42.33 48.67 55.  ],[ 3.  9. 10. 11. 12. 16.],1.2485480342009347e-10,0.6058915595349313,0.6386440000372194,1.0
25,24,[17.   23.33 29.67 36.   42.33 48.67 55.  ],[ 3.    4.88  8.51 10.   11.   16.  ],1.3090649596514064e-07,0.5894137206667296,0.5086999296145003,1.0
25,25,[17.   23.33 29.67 36.   42.33 48.67 55.  ],[ 3.    5.17  7.33  9.5  11.67 13.83 16.  ],3.244375790129425e-07,0.5430754640953459,0.4474743817484895,1.0
25,29,[17.   23.33 29.67 36.   42.33 48.67 55.  ],[ 3.    4.88  7.81  9.   10.   11.   16.  ],3.9720404713051854e-11,0.5535586340062728,0.4440285409670468,1.0
25,30,[17.   23.33 29.67 36.   42.33 48.67 55.  ],[ 3.    4.86  6.71  8.57 10.43 12.29 14.14 16.  ],1.62984576427731e-06,0.5050392876394162,0.4283812636699521,1.0
25,33,[17.   23.33 29.67 36.   42.33 48.67 55.  ],[ 3.    8.43  9.   10.   11.   12.   16.  ],2.3059107682134728e-05,0.5622871579801767,0.5513535214476479,1.0
25,34,[17.   23.33 29.67 36.   42.33 48.67 55.  ],[ 3.    4.88  7.81  9.   10.   11.   12.   16.  ],4.500622584342095e-06,0.5234650645408687,0.4278830701672368,1.0
25,35,[17.   23.33 29.67 36.   42.33 48.67 55.  ],[ 3.    4.62  6.25  7.88  9.5  11.12 12.75 14.38 16.  ],0.001869376115025076,0.4752763138685585,0.40813124480005836,1.0
25,38,[17.   23.33 29.67 36.   42.33 48.67 55.  ],[ 3.  8.  9. 10. 11. 12. 16.],2.3059107682134728e-05,0.5617348819374096,0.5513535214476479,1.0
25,39,[17.   23.33 29.67 36.   42.33 48.67 55.  ],[ 3.    4.36  6.64  8.    9.   10.   11.   12.   16.  ],0.0002775561528706358,0.49658050710512464,0.39978071828445017,1.0
25,40,[17.   23.33 29.67 36.   42.33 48.67 55.  ],[ 3.    4.44  5.89  7.33  8.78 10.22 11.67 13.11 14.56 16.  ],5.593075175317082e-09,0.45041082192498544,0.38582932134682657,1.0
25,44,[17.   23.33 29.67 36.   42.33 48.67 55.  ],[ 3.    4.36  6.64  8.    9.   10.   11.   12.   13.   16.  ],1.1879809581884416e-06,0.46789030920432023,0.3941907097255054,1.0
25,45,[17.   23.33 29.67 36.   42.33 48.67 55.  ],[ 3.   4.3  5.6  6.9  8.2  9.5 10.8 12.1 13.4 14.7 16. ],3.5104718412606446e-22,0.42876757591582126,0.3777735440285392,1.0
25,49,[17.   23.33 29.67 36.   42.33 48.67 55.  ],[ 3.    3.83  5.5   7.    8.    9.   10.   11.   12.   13.   16.  ],1.4386258842743459e-06,0.44720613262350645,0.3526229308007802,1.0
25,68,[17.   23.33 29.67 36.   42.33 48.67 55.  ],[ 3.    8.    8.43  9.   10.   11.   12.   16.  ],0.0002898907553382228,0.530103702868358,0.5513535214476479,1.0
25,88,[17.   23.33 29.67 36.   42.33 48.67 55.  ],[ 3.    7.67  8.    9.   10.   11.   12.   16.  ],0.0014277139842300557,0.5290240452866249,0.46077578602204317,1.0
25,93,[17.   23.33 29.67 36.   42.33 48.67 55.  ],[ 3.    7.    8.    9.   10.   10.68 11.   12.   16.  ],0.013581200744284193,0.5061158047927995,0.46077578602204317,1.0
25,98,[17.   23.33 29.67 36.   42.33 48.67 55.  ],[ 3.  7.  8.  9. 10. 11. 12. 16.],0.0014277139842300557,0.5280425543484168,0.46077578602204317,1.0
25,100,[17.   23.33 29.67 36.   42.33 48.67 55.  ],[ 3.   7.5  8.5 12.5 14.5 16. ],9.65653417186283e-13,0.6079255213328023,0.534761253859244,1.0
27,0,[17. 19. 21. 24. 27. 31. 55.],[ 0. 11. 12. 15. 16.],4.812858730051023e-60,0.7289615530723751,0.7301278329809981,3.0
27,1,[17. 19. 21. 24. 27. 31. 55.],[ 3.   9.5 16. ],2.0588655615485895e-46,0.5014781150932482,0.6223088659089772,1.5
27,3,[17. 19. 21. 24. 27. 31. 55.],[ 3. 10. 16.],6.072367723057435e-17,0.5017580259141384,0.6774867982096696,1.5
27,6,[17. 19. 21. 24. 27. 31. 55.],[ 3.    8.07 16.  ],4.932474599967465e-53,0.5000624420670823,0.5732869729502021,1.5
27,7,[17. 19. 21. 24. 27. 31. 55.],[ 3.    7.33 11.67 16.  ],4.259537154180806e-25,0.5602498718656187,0.5014023653240653,1.5
27,9,[17. 19. 21. 24. 27. 31. 55.],[ 3. 10. 11. 16.],2.4626086564645545e-13,0.5637735563055899,0.6613413274098598,1.5
27,12,[17. 19. 21. 24. 27. 31. 55.],[ 3.    5.64  9.3  16.  ],1.5075308253779462e-50,0.5536045631756571,0.4862726462771995,1.5
27,13,[17. 19. 21. 24. 27. 31. 55.],[ 3.    6.25  9.5  12.75 16.  ],3.997769796158707e-32,0.6628902068099816,0.45706146920882096,1.5
27,15,[17. 19. 21. 24. 27. 31. 55.],[ 3.  9. 10. 11. 16.],6.012351118941429e-09,0.6709962568701293,0.5769941976453938,1.5
27,18,[17. 19. 21. 24. 27. 31. 55.],[ 3.    4.88  8.51 10.53 16.  ],8.469961948449015e-24,0.6394425250634097,0.4413265220968714,1.5
27,19,[17. 19. 21. 24. 27. 31. 55.],[ 3.   5.6  8.2 10.8 13.4 16. ],1.3550000133572402e-12,0.5448278843365246,0.4209955920640912,1.5
27,21,[17. 19. 21. 24. 27. 31. 55.],[ 3.  9. 10. 11. 12. 16.],2.49567930185286e-09,0.5527391946584999,0.5712705925195904,1.5
27,24,[17. 19. 21. 24. 27. 31. 55.],[ 3.    4.88  8.51 10.   11.   16.  ],1.6366481775676896e-06,0.536261355790298,0.4413265220968714,1.5
27,25,[17. 19. 21. 24. 27. 31. 55.],[ 3.    5.17  7.33  9.5  11.67 13.83 16.  ],1.8584448908620604e-07,0.4899230992189143,0.38010097423086053,1.5
27,29,[17. 19. 21. 24. 27. 31. 55.],[ 3.    4.88  7.81  9.   10.   11.   16.  ],1.4368337449185231e-11,0.5004062691298413,0.37665513344941787,1.5
27,30,[17. 19. 21. 24. 27. 31. 55.],[ 3.    4.86  6.71  8.57 10.43 12.29 14.14 16.  ],1.0659689621805877e-06,0.45188692276298464,0.3610078561523232,1.5
27,33,[17. 19. 21. 24. 27. 31. 55.],[ 3.    8.43  9.   10.   11.   12.   16.  ],0.00010962114058177545,0.5091347931037451,0.483980113930019,1.5
27,34,[17. 19. 21. 24. 27. 31. 55.],[ 3.    4.88  7.81  9.   10.   11.   12.   16.  ],9.843552535779297e-05,0.47031269966443723,0.36050966264960793,1.5
27,35,[17. 19. 21. 24. 27. 31. 55.],[ 3.    4.62  6.25  7.88  9.5  11.12 12.75 14.38 16.  ],0.00034177417728281135,0.422123948992127,0.3407578372824294,1.5
27,38,[17. 19. 21. 24. 27. 31. 55.],[ 3.  8.  9. 10. 11. 12. 16.],0.00010962114058177545,0.5085825170609781,0.483980113930019,1.5
27,39,[17. 19. 21. 24. 27. 31. 55.],[ 3.    4.36  6.64  8.    9.   10.   11.   12.   16.  ],7.787150749118792e-05,0.4434281422286931,0.3324073107668212,1.5
27,40,[17. 19. 21. 24. 27. 31. 55.],[ 3.    4.44  5.89  7.33  8.78 10.22 11.67 13.11 14.56 16.  ],9.711548068921065e-08,0.3972584570485539,0.3184559138291976,1.5
27,44,[17. 19. 21. 24. 27. 31. 55.],[ 3.    4.36  6.64  8.    9.   10.   11.   12.   13.   16.  ],1.1498571907278922e-05,0.4147379443278887,0.32681730220787647,1.5
27,45,[17. 19. 21. 24. 27. 31. 55.],[ 3.   4.3  5.6  6.9  8.2  9.5 10.8 12.1 13.4 14.7 16. ],1.9796942453744886e-21,0.3756152110393898,0.31040013651091025,1.5
27,49,[17. 19. 21. 24. 27. 31. 55.],[ 3.    3.83  5.5   7.    8.    9.   10.   11.   12.   13.   16.  ],1.3564140787918236e-05,0.3940537677470749,0.2852495232831513,1.5
27,68,[17. 19. 21. 24. 27. 31. 55.],[ 3.    8.    8.43  9.   10.   11.   12.   16.  ],0.0003039657526190701,0.47695133799192646,0.483980113930019,1.5
27,88,[17. 19. 21. 24. 27. 31. 55.],[ 3.    7.67  8.    9.   10.   11.   12.   16.  ],0.006489872230392484,0.4758716804101934,0.3934023785044142,1.5
27,93,[17. 19. 21. 24. 27. 31. 55.],[ 3.    7.    8.    9.   10.   10.68 11.   12.   16.  ],0.07337936404120891,0.45296343991636795,0.3934023785044142,1.5
27,98,[17. 19. 21. 24. 27. 31. 55.],[ 3.  7.  8.  9. 10. 11. 12. 16.],0.006489872230392484,0.47489018947198536,0.3934023785044142,1.5
27,100,[17. 19. 21. 24. 27. 31. 55.],[ 3.   7.5  8.5 12.5 14.5 16. ],7.27388444850238e-11,0.5547731564563707,0.46738784634161507,1.5
30,0,[17.   18.7  23.65 27.43 31.84 37.62 55.  ],[ 0. 11. 12. 15. 16.],6.470744426182896e-61,0.7485499445914534,0.7333617309463416,2.5
30,1,[17.   18.7  23.65 27.43 31.84 37.62 55.  ],[ 3.   9.5 16. ],1.5152685944448573e-46,0.5210665066123266,0.6255427638743206,1.0
30,3,[17.   18.7  23.65 27.43 31.84 37.62 55.  ],[ 3. 10. 16.],2.4664311083624436e-16,0.5213464174332167,0.6807206961750131,1.0
30,6,[17.   18.7  23.65 27.43 31.84 37.62 55.  ],[ 3.    8.07 16.  ],2.6329454918999455e-53,0.5196508335861606,0.5765208709155456,1.0
30,7,[17.   18.7  23.65 27.43 31.84 37.62 55.  ],[ 3.    7.33 11.67 16.  ],6.093990081606036e-27,0.579838263384697,0.5046362632894088,1.0
30,9,[17.   18.7  23.65 27.43 31.84 37.62 55.  ],[ 3. 10. 11. 16.],2.3892287969496763e-14,0.5833619478246682,0.6645752253752033,1.0
30,12,[17.   18.7  23.65 27.43 31.84 37.62 55.  ],[ 3.    5.64  9.3  16.  ],4.391321649110218e-51,0.5731929546947354,0.489506544242543,1.0
30,13,[17.   18.7  23.65 27.43 31.84 37.62 55.  ],[ 3.    6.25  9.5  12.75 16.  ],4.08233135545942e-31,0.6824785983290599,0.4602953671741644,1.0
30,15,[17.   18.7  23.65 27.43 31.84 37.62 55.  ],[ 3.  9. 10. 11. 16.],9.295208446549582e-08,0.6905846483892077,0.5802280956107373,1.0
30,18,[17.   18.7  23.65 27.43 31.84 37.62 55.  ],[ 3.    4.88  8.51 10.53 16.  ],6.927037632706726e-23,0.659030916582488,0.44456042006221486,1.0
30,19,[17.   18.7  23.65 27.43 31.84 37.62 55.  ],[ 3.   5.6  8.2 10.8 13.4 16. ],1.393255571264031e-11,0.564416275855603,0.42422949002943466,1.0
30,21,[17.   18.7  23.65 27.43 31.84 37.62 55.  ],[ 3.  9. 10. 11. 12. 16.],1.2331615192910496e-10,0.5723275861775782,0.5745044904849339,1.0
30,24,[17.   18.7  23.65 27.43 31.84 37.62 55.  ],[ 3.    4.88  8.51 10.   11.   16.  ],5.85881313744713e-08,0.5558497473093763,0.44456042006221486,1.0
30,25,[17.   18.7  23.65 27.43 31.84 37.62 55.  ],[ 3.    5.17  7.33  9.5  11.67 13.83 16.  ],7.094933925037757e-06,0.5095114907379926,0.383334872196204,1.0
30,29,[17.   18.7  23.65 27.43 31.84 37.62 55.  ],[ 3.    4.88  7.81  9.   10.   11.   16.  ],4.4007377739419133e-10,0.5199946606489196,0.3798890314147613,1.0
30,30,[17.   18.7  23.65 27.43 31.84 37.62 55.  ],[ 3.    4.86  6.71  8.57 10.43 12.29 14.14 16.  ],3.063125020910507e-05,0.471475314282063,0.3642417541176667,1.0
30,33,[17.   18.7  23.65 27.43 31.84 37.62 55.  ],[ 3.    8.43  9.   10.   11.   12.   16.  ],4.359069451742161e-06,0.5287231846228234,0.48721401189536245,1.0
30,34,[17.   18.7  23.65 27.43 31.84 37.62 55.  ],[ 3.    4.88  7.81  9.   10.   11.   12.   16.  ],2.059370260658567e-06,0.48990109118351555,0.3637435606149514,1.0
30,35,[17.   18.7  23.65 27.43 31.84 37.62 55.  ],[ 3.    4.62  6.25  7.88  9.5  11.12 12.75 14.38 16.  ],0.028874803424022037,0.44171234051120534,0.3439917352477729,1.0
30,38,[17.   18.7  23.65 27.43 31.84 37.62 55.  ],[ 3.  8.  9. 10. 11. 12. 16.],4.359069451742161e-06,0.5281709085800564,0.48721401189536245,1.0
30,39,[17.   18.7  23.65 27.43 31.84 37.62 55.  ],[ 3.    4.36  6.64  8.    9.   10.   11.   12.   16.  ],0.003109575715386576,0.4630165337477714,0.33564120873216463,1.0
30,40,[17.   18.7  23.65 27.43 31.84 37.62 55.  ],[ 3.    4.44  5.89  7.33  8.78 10.22 11.67 13.11 14.56 16.  ],2.1214098846362236e-09,0.4168468485676322,0.32168981179454104,1.0
30,44,[17.   18.7  23.65 27.43 31.84 37.62 55.  ],[ 3.    4.36  6.64  8.    9.   10.   11.   12.   13.   16.  ],2.525488892598834e-07,0.434326335846967,0.3300512001732199,1.0
30,45,[17.   18.7  23.65 27.43 31.84 37.62 55.  ],[ 3.   4.3  5.6  6.9  8.2  9.5 10.8 12.1 13.4 14.7 16. ],3.443723169264195e-20,0.3952036025584681,0.3136340344762537,1.0
30,49,[17.   18.7  23.65 27.43 31.84 37.62 55.  ],[ 3.    3.83  5.5   7.    8.    9.   10.   11.   12.   13.   16.  ],3.243525187919565e-07,0.4136421592661532,0.28848342124849474,1.0
30,68,[17.   18.7  23.65 27.43 31.84 37.62 55.  ],[ 3.    8.    8.43  9.   10.   11.   12.   16.  ],0.006640109306243794,0.4965397295110048,0.48721401189536245,1.0
30,88,[17.   18.7  23.65 27.43 31.84 37.62 55.  ],[ 3.    7.67  8.    9.   10.   11.   12.   16.  ],0.00019128908187003918,0.4954600719292718,0.39663627646975763,1.0
30,93,[17.   18.7  23.65 27.43 31.84 37.62 55.  ],[ 3.    7.    8.    9.   10.   10.68 11.   12.   16.  ],0.0029681865950150453,0.4725518314354463,0.39663627646975763,1.0
30,98,[17.   18.7  23.65 27.43 31.84 37.62 55.  ],[ 3.  7.  8.  9. 10. 11. 12. 16.],0.00019128908187003918,0.4944785809910637,0.39663627646975763,1.0
30,100,[17.   18.7  23.65 27.43 31.84 37.62 55.  ],[ 3.   7.5  8.5 12.5 14.5 16. ],4.72863319649015e-10,0.5743615479754491,0.4706217443069585,1.0
31,0,[17.   22.43 27.86 33.29 38.71 44.14 49.57 55.  ],[ 0. 11. 12. 15. 16.],5.2398651152513545e-58,0.7350243701697046,0.7652136170603208,2.5
31,1,[17.   22.43 27.86 33.29 38.71 44.14 49.57 55.  ],[ 3.   9.5 16. ],3.899851772506536e-55,0.5075409321905777,0.6573946499882997,1.0
31,3,[17.   22.43 27.86 33.29 38.71 44.14 49.57 55.  ],[ 3. 10. 16.],4.49397622067314e-21,0.5078208430114679,0.7125725822889921,1.0
31,6,[17.   22.43 27.86 33.29 38.71 44.14 49.57 55.  ],[ 3.    8.07 16.  ],1.3426438619933628e-61,0.5061252591644118,0.6083727570295248,1.0
31,7,[17.   22.43 27.86 33.29 38.71 44.14 49.57 55.  ],[ 3.    7.33 11.67 16.  ],5.3709650358903115e-22,0.5663126889629482,0.536488149403388,1.0
31,9,[17.   22.43 27.86 33.29 38.71 44.14 49.57 55.  ],[ 3. 10. 11. 16.],2.2529502721360168e-11,0.5698363734029194,0.6964271114891825,1.0
31,12,[17.   22.43 27.86 33.29 38.71 44.14 49.57 55.  ],[ 3.    5.64  9.3  16.  ],7.690310114554916e-60,0.5596673802729866,0.5213584303565221,1.0
31,13,[17.   22.43 27.86 33.29 38.71 44.14 49.57 55.  ],[ 3.    6.25  9.5  12.75 16.  ],1.1012369250650331e-38,0.6689530239073109,0.4921472532881435,1.0
31,15,[17.   22.43 27.86 33.29 38.71 44.14 49.57 55.  ],[ 3.  9. 10. 11. 16.],1.3260321043700563e-12,0.6770590739674588,0.6120799817247163,1.0
31,18,[17.   22.43 27.86 33.29 38.71 44.14 49.57 55.  ],[ 3.    4.88  8.51 10.53 16.  ],2.8384951617541594e-29,0.6455053421607392,0.47641230617619396,1.0
31,19,[17.   22.43 27.86 33.29 38.71 44.14 49.57 55.  ],[ 3.   5.6  8.2 10.8 13.4 16. ],1.6289191267694865e-17,0.5508907014338541,0.45608137614341376,1.0
31,21,[17.   22.43 27.86 33.29 38.71 44.14 49.57 55.  ],[ 3.  9. 10. 11. 12. 16.],1.4204291394080536e-06,0.5588020117558292,0.6063563765989131,1.0
31,24,[17.   22.43 27.86 33.29 38.71 44.14 49.57 55.  ],[ 3.    4.88  8.51 10.   11.   16.  ],0.0022609012885389254,0.5423241728876275,0.47641230617619396,1.0
31,25,[17.   22.43 27.86 33.29 38.71 44.14 49.57 55.  ],[ 3.    5.17  7.33  9.5  11.67 13.83 16.  ],3.5717930540843366e-12,0.4959859163162438,0.41518675831018315,1.0
31,29,[17.   22.43 27.86 33.29 38.71 44.14 49.57 55.  ],[ 3.    4.88  7.81  9.   10.   11.   16.  ],1.2933540925053641e-15,0.5064690862271708,0.4117409175287404,1.0
31,30,[17.   22.43 27.86 33.29 38.71 44.14 49.57 55.  ],[ 3.    4.86  6.71  8.57 10.43 12.29 14.14 16.  ],4.2331930158044146e-11,0.45794973986031406,0.3960936402316457,1.0
31,33,[17.   22.43 27.86 33.29 38.71 44.14 49.57 55.  ],[ 3.    8.43  9.   10.   11.   12.   16.  ],0.27865545385934504,0.5151976102010746,0.5190658980093416,1.0
31,34,[17.   22.43 27.86 33.29 38.71 44.14 49.57 55.  ],[ 3.    4.88  7.81  9.   10.   11.   12.   16.  ],0.13382142814125442,0.4763755167617667,0.39559544672893043,1.0
31,35,[17.   22.43 27.86 33.29 38.71 44.14 49.57 55.  ],[ 3.    4.62  6.25  7.88  9.5  11.12 12.75 14.38 16.  ],1.4291187976262298e-08,0.42818676608945644,0.375843621361752,1.0
31,38,[17.   22.43 27.86 33.29 38.71 44.14 49.57 55.  ],[ 3.  8.  9. 10. 11. 12. 16.],0.27865545385934504,0.5146453341583075,0.5190658980093416,1.0
31,39,[17.   22.43 27.86 33.29 38.71 44.14 49.57 55.  ],[ 3.    4.36  6.64  8.    9.   10.   11.   12.   16.  ],9.473469061683638e-09,0.44949095932602257,0.3674930948461438,1.0
31,40,[17.   22.43 27.86 33.29 38.71 44.14 49.57 55.  ],[ 3.    4.44  5.89  7.33  8.78 10.22 11.67 13.11 14.56 16.  ],0.00037585761591922237,0.40332127414588337,0.3535416979085202,1.0
31,44,[17.   22.43 27.86 33.29 38.71 44.14 49.57 55.  ],[ 3.    4.36  6.64  8.    9.   10.   11.   12.   13.   16.  ],0.03497743088116905,0.42080076142521816,0.361903086287199,1.0
31,45,[17.   22.43 27.86 33.29 38.71 44.14 49.57 55.  ],[ 3.   4.3  5.6  6.9  8.2  9.5 10.8 12.1 13.4 14.7 16. ],7.819995804913799e-27,0.3816780281367192,0.3454859205902328,1.0
31,49,[17.   22.43 27.86 33.29 38.71 44.14 49.57 55.  ],[ 3.    3.83  5.5   7.    8.    9.   10.   11.   12.   13.   16.  ],0.05381036921515056,0.4001165848444044,0.32033530736247384,1.0
31,68,[17.   22.43 27.86 33.29 38.71 44.14 49.57 55.  ],[ 3.    8.    8.43  9.   10.   11.   12.   16.  ],2.306754834482158e-08,0.4830141550892559,0.5190658980093416,1.0
31,88,[17.   22.43 27.86 33.29 38.71 44.14 49.57 55.  ],[ 3.    7.67  8.    9.   10.   11.   12.   16.  ],0.036415420422210465,0.4819344975075228,0.4284881625837368,1.0
31,93,[17.   22.43 27.86 33.29 38.71 44.14 49.57 55.  ],[ 3.    7.    8.    9.   10.   10.68 11.   12.   16.  ],0.004975709198986664,0.45902625701369737,0.4284881625837368,1.0
31,98,[17.   22.43 27.86 33.29 38.71 44.14 49.57 55.  ],[ 3.  7.  8.  9. 10. 11. 12. 16.],0.036415420422210465,0.4809530065693148,0.4284881625837368,1.0
31,100,[17.   22.43 27.86 33.29 38.71 44.14 49.57 55.  ],[ 3.   7.5  8.5 12.5 14.5 16. ],2.249418768326117e-17,0.5608359735537002,0.5024736304209376,1.0
33,0,[17. 18. 20. 23. 25. 28. 32. 55.],[ 0. 11. 12. 15. 16.],1.0017139389730573e-64,0.7078251140015235,0.7021584420054924,2.5
33,1,[17. 18. 20. 23. 25. 28. 32. 55.],[ 3.   9.5 16. ],2.6316295586457914e-38,0.48034167602239664,0.5943394749334713,1.0
33,3,[17. 18. 20. 23. 25. 28. 32. 55.],[ 3. 10. 16.],1.9819277454389697e-10,0.4806215868432868,0.6495174072341637,1.0
33,6,[17. 18. 20. 23. 25. 28. 32. 55.],[ 3.    8.07 16.  ],7.287771026950841e-45,0.47892600299623067,0.5453175819746964,1.0
33,7,[17. 18. 20. 23. 25. 28. 32. 55.],[ 3.    7.33 11.67 16.  ],3.912741222163623e-32,0.5391134327947671,0.47343297434855947,1.0
33,9,[17. 18. 20. 23. 25. 28. 32. 55.],[ 3. 10. 11. 16.],8.287199007564826e-19,0.5426371172347383,0.633371936434354,1.0
33,12,[17. 18. 20. 23. 25. 28. 32. 55.],[ 3.    5.64  9.3  16.  ],2.3171571628046685e-42,0.5324681241048055,0.4583032553016937,1.0
33,13,[17. 18. 20. 23. 25. 28. 32. 55.],[ 3.    6.25  9.5  12.75 16.  ],1.848632520163112e-24,0.6417537677391298,0.4290920782333151,1.0
33,15,[17. 18. 20. 23. 25. 28. 32. 55.],[ 3.  9. 10. 11. 16.],0.01641630986493995,0.6498598177992777,0.549024806669888,1.0
33,18,[17. 18. 20. 23. 25. 28. 32. 55.],[ 3.    4.88  8.51 10.53 16.  ],2.7382283848457026e-16,0.6183060859925581,0.4133571311213655,1.0
33,19,[17. 18. 20. 23. 25. 28. 32. 55.],[ 3.   5.6  8.2 10.8 13.4 16. ],2.714290911302722e-05,0.523691445265673,0.3930262010885853,1.0
33,21,[17. 18. 20. 23. 25. 28. 32. 55.],[ 3.  9. 10. 11. 12. 16.],4.464995718732143e-15,0.5316027555876481,0.5433012015440847,1.0
33,24,[17. 18. 20. 23. 25. 28. 32. 55.],[ 3.    4.88  8.51 10.   11.   16.  ],4.167910369095202e-13,0.5151249167194464,0.4133571311213655,1.0
33,25,[17. 18. 20. 23. 25. 28. 32. 55.],[ 3.    5.17  7.33  9.5  11.67 13.83 16.  ],0.15123293353077924,0.4687866601480627,0.3521315832553547,1.0
33,29,[17. 18. 20. 23. 25. 28. 32. 55.],[ 3.    4.88  7.81  9.   10.   11.   16.  ],0.00017695934658601612,0.4792698300589897,0.34868574247391204,1.0
33,30,[17. 18. 20. 23. 25. 28. 32. 55.],[ 3.    4.86  6.71  8.57 10.43 12.29 14.14 16.  ],0.04320517305088409,0.430750483692133,0.33303846517681734,1.0
33,33,[17. 18. 20. 23. 25. 28. 32. 55.],[ 3.    8.43  9.   10.   11.   12.   16.  ],6.253362474222942e-11,0.4879983540328935,0.45601072295451317,1.0
33,34,[17. 18. 20. 23. 25. 28. 32. 55.],[ 3.    4.88  7.81  9.   10.   11.   12.   16.  ],2.933739988828092e-11,0.4491762605935856,0.33254027167410205,1.0
33,35,[17. 18. 20. 23. 25. 28. 32. 55.],[ 3.    4.62  6.25  7.88  9.5  11.12 12.75 14.38 16.  ],7.491599633287644e-05,0.40098750992127535,0.31278844630692354,1.0
33,38,[17. 18. 20. 23. 25. 28. 32. 55.],[ 3.  8.  9. 10. 11. 12. 16.],6.253362474222942e-11,0.4874460779901264,0.45601072295451317,1.0
33,39,[17. 18. 20. 23. 25. 28. 32. 55.],[ 3.    4.36  6.64  8.    9.   10.   11.   12.   16.  ],0.0015782867637866031,0.4222917031578415,0.30443791979131535,1.0
33,40,[17. 18. 20. 23. 25. 28. 32. 55.],[ 3.    4.44  5.89  7.33  8.78 10.22 11.67 13.11 14.56 16.  ],4.183682126965404e-15,0.3761220179777023,0.29048652285369175,1.0
33,44,[17. 18. 20. 23. 25. 28. 32. 55.],[ 3.    4.36  6.64  8.    9.   10.   11.   12.   13.   16.  ],2.3172484405124096e-12,0.3936015052570371,0.2988479112323706,1.0
33,45,[17. 18. 20. 23. 25. 28. 32. 55.],[ 3.   4.3  5.6  6.9  8.2  9.5 10.8 12.1 13.4 14.7 16. ],8.380709062120893e-14,0.3544787719685381,0.28243074553540437,1.0
33,49,[17. 18. 20. 23. 25. 28. 32. 55.],[ 3.    3.83  5.5   7.    8.    9.   10.   11.   12.   13.   16.  ],2.0492726724881778e-12,0.3729173286762233,0.25728013230764546,1.0
33,68,[17. 18. 20. 23. 25. 28. 32. 55.],[ 3.    8.    8.43  9.   10.   11.   12.   16.  ],0.0006916955378465865,0.4558148989210748,0.45601072295451317,1.0
33,88,[17. 18. 20. 23. 25. 28. 32. 55.],[ 3.    7.67  8.    9.   10.   11.   12.   16.  ],1.5657752549900742e-09,0.45473524133934173,0.36543298752890835,1.0
33,93,[17. 18. 20. 23. 25. 28. 32. 55.],[ 3.    7.    8.    9.   10.   10.68 11.   12.   16.  ],2.608817450606612e-08,0.4318270008455163,0.36543298752890835,1.0
33,98,[17. 18. 20. 23. 25. 28. 32. 55.],[ 3.  7.  8.  9. 10. 11. 12. 16.],1.5657752549900742e-09,0.4537537504011337,0.36543298752890835,1.0
33,100,[17. 18. 20. 23. 25. 28. 32. 55.],[ 3.   7.5  8.5 12.5 14.5 16. ],0.007509853707446549,0.5336367173855191,0.43941845536610924,1.0
36,0,[17.   17.99 21.04 24.49 28.08 32.84 40.39 55.  ],[ 0. 11. 12. 15. 16.],2.4672721576898082e-62,0.7128528937214087,0.7169614149940551,2.5
36,1,[17.   17.99 21.04 24.49 28.08 32.84 40.39 55.  ],[ 3.   9.5 16. ],3.1009553030341434e-45,0.4853694557422818,0.609142447922034,1.0
36,3,[17.   17.99 21.04 24.49 28.08 32.84 40.39 55.  ],[ 3. 10. 16.],1.434560526308239e-14,0.485649366563172,0.6643203802227264,1.0
36,6,[17.   17.99 21.04 24.49 28.08 32.84 40.39 55.  ],[ 3.    8.07 16.  ],1.1354763295568374e-51,0.48395378271611583,0.5601205549632591,1.0
36,7,[17.   17.99 21.04 24.49 28.08 32.84 40.39 55.  ],[ 3.    7.33 11.67 16.  ],3.8370358187943976e-28,0.5441412125146523,0.48823594733712217,1.0
36,9,[17.   17.99 21.04 24.49 28.08 32.84 40.39 55.  ],[ 3. 10. 11. 16.],3.411661787862193e-16,0.5476648969546234,0.6481749094229167,1.0
36,12,[17.   17.99 21.04 24.49 28.08 32.84 40.39 55.  ],[ 3.    5.64  9.3  16.  ],2.5472410059211892e-49,0.5374959038246907,0.4731062282902564,1.0
36,13,[17.   17.99 21.04 24.49 28.08 32.84 40.39 55.  ],[ 3.    6.25  9.5  12.75 16.  ],2.7948538074407892e-30,0.6467815474590151,0.4438950512218778,1.0
36,15,[17.   17.99 21.04 24.49 28.08 32.84 40.39 55.  ],[ 3.  9. 10. 11. 16.],1.5291177200079018e-06,0.6548875975191629,0.5638277796584507,1.0
36,18,[17.   17.99 21.04 24.49 28.08 32.84 40.39 55.  ],[ 3.    4.88  8.51 10.53 16.  ],6.880638622359776e-22,0.6233338657124432,0.4281601041099282,1.0
36,19,[17.   17.99 21.04 24.49 28.08 32.84 40.39 55.  ],[ 3.   5.6  8.2 10.8 13.4 16. ],1.0865101192591496e-10,0.5287192249855581,0.407829174077148,1.0
36,21,[17.   17.99 21.04 24.49 28.08 32.84 40.39 55.  ],[ 3.  9. 10. 11. 12. 16.],1.259529332219972e-11,0.5366305353075334,0.5581041745326474,1.0
36,24,[17.   17.99 21.04 24.49 28.08 32.84 40.39 55.  ],[ 3.    4.88  8.51 10.   11.   16.  ],6.0756109272949784e-09,0.5201526964393315,0.4281601041099282,1.0
36,25,[17.   17.99 21.04 24.49 28.08 32.84 40.39 55.  ],[ 3.    5.17  7.33  9.5  11.67 13.83 16.  ],5.6619370102499145e-05,0.47381443986794786,0.3669345562439174,1.0
36,29,[17.   17.99 21.04 24.49 28.08 32.84 40.39 55.  ],[ 3.    4.88  7.81  9.   10.   11.   16.  ],4.779284174200136e-09,0.48429760977887487,0.36348871546247474,1.0
36,30,[17.   17.99 21.04 24.49 28.08 32.84 40.39 55.  ],[ 3.    4.86  6.71  8.57 10.43 12.29 14.14 16.  ],0.00023238425892971895,0.4357782634120182,0.34784143816538005,1.0
36,33,[17.   17.99 21.04 24.49 28.08 32.84 40.39 55.  ],[ 3.    8.43  9.   10.   11.   12.   16.  ],1.0774262606972329e-06,0.49302613375277865,0.47081369594307587,1.0
36,34,[17.   17.99 21.04 24.49 28.08 32.84 40.39 55.  ],[ 3.    4.88  7.81  9.   10.   11.   12.   16.  ],3.182987538538361e-07,0.4542040403134708,0.34734324466266475,1.0
36,35,[17.   17.99 21.04 24.49 28.08 32.84 40.39 55.  ],[ 3.    4.62  6.25  7.88  9.5  11.12 12.75 14.38 16.  ],0.20992011868621863,0.4060152896411605,0.32759141929548624,1.0
36,38,[17.   17.99 21.04 24.49 28.08 32.84 40.39 55.  ],[ 3.  8.  9. 10. 11. 12. 16.],1.0774262606972329e-06,0.4924738577100116,0.47081369594307587,1.0
36,39,[17.   17.99 21.04 24.49 28.08 32.84 40.39 55.  ],[ 3.    4.36  6.64  8.    9.   10.   11.   12.   16.  ],0.015395164410562531,0.42731948287772664,0.31924089277987805,1.0
36,40,[17.   17.99 21.04 24.49 28.08 32.84 40.39 55.  ],[ 3.    4.44  5.89  7.33  8.78 10.22 11.67 13.11 14.56 16.  ],2.0415989417484445e-10,0.38114979769758744,0.30528949584225445,1.0
36,44,[17.   17.99 21.04 24.49 28.08 32.84 40.39 55.  ],[ 3.    4.36  6.64  8.    9.   10.   11.   12.   13.   16.  ],6.882929807378067e-08,0.39862928497692224,0.3136508842209333,1.0
36,45,[17.   17.99 21.04 24.49 28.08 32.84 40.39 55.  ],[ 3.   4.3  5.6  6.9  8.2  9.5 10.8 12.1 13.4 14.7 16. ],2.7073264662331224e-19,0.35950655168842327,0.29723371852396707,1.0
36,49,[17.   17.99 21.04 24.49 28.08 32.84 40.39 55.  ],[ 3.    3.83  5.5   7.    8.    9.   10.   11.   12.   13.   16.  ],7.802952151049662e-08,0.37794510839610845,0.27208310529620816,1.0
36,68,[17.   17.99 21.04 24.49 28.08 32.84 40.39 55.  ],[ 3.    8.    8.43  9.   10.   11.   12.   16.  ],0.02030864777354749,0.46084267864095996,0.47081369594307587,1.0
36,88,[17.   17.99 21.04 24.49 28.08 32.84 40.39 55.  ],[ 3.    7.67  8.    9.   10.   11.   12.   16.  ],4.9505783483429665e-05,0.45976302105922695,0.38023596051747105,1.0
36,93,[17.   17.99 21.04 24.49 28.08 32.84 40.39 55.  ],[ 3.    7.    8.    9.   10.   10.68 11.   12.   16.  ],0.00048545666655095337,0.4368547805654015,0.38023596051747105,1.0
36,98,[17.   17.99 21.04 24.49 28.08 32.84 40.39 55.  ],[ 3.  7.  8.  9. 10. 11. 12. 16.],4.9505783483429665e-05,0.45878153012101885,0.38023596051747105,1.0
36,100,[17.   17.99 21.04 24.49 28.08 32.84 40.39 55.  ],[ 3.   7.5  8.5 12.5 14.5 16. ],4.165988947670134e-09,0.5386644971054043,0.45422142835467194,1.0
37,0,[17.   21.75 26.5  31.25 36.   40.75 45.5  50.25 55.  ],[ 0. 11. 12. 15. 16.],2.8775988963741143e-60,0.7003861965757641,0.7418641956308046,2.5
37,1,[17.   21.75 26.5  31.25 36.   40.75 45.5  50.25 55.  ],[ 3.   9.5 16. ],1.6192434518187217e-50,0.47290275859663716,0.6340452285587835,1.0
37,3,[17.   21.75 26.5  31.25 36.   40.75 45.5  50.25 55.  ],[ 3. 10. 16.],4.0934305998714086e-17,0.47318266941752735,0.689223160859476,1.0
37,6,[17.   21.75 26.5  31.25 36.   40.75 45.5  50.25 55.  ],[ 3.    8.07 16.  ],2.706716906364836e-56,0.4714870855704712,0.5850233356000086,1.0
37,7,[17.   21.75 26.5  31.25 36.   40.75 45.5  50.25 55.  ],[ 3.    7.33 11.67 16.  ],1.1198623039750075e-25,0.5316745153690077,0.5131387279738717,1.0
37,9,[17.   21.75 26.5  31.25 36.   40.75 45.5  50.25 55.  ],[ 3. 10. 11. 16.],7.069783891555662e-15,0.5351981998089788,0.6730776900596662,1.0
37,12,[17.   21.75 26.5  31.25 36.   40.75 45.5  50.25 55.  ],[ 3.    5.64  9.3  16.  ],9.531476233298325e-55,0.5250292066790461,0.49800900892700595,1.0
37,13,[17.   21.75 26.5  31.25 36.   40.75 45.5  50.25 55.  ],[ 3.    6.25  9.5  12.75 16.  ],1.5503943146407816e-34,0.6343148503133704,0.46879783185862733,1.0
37,15,[17.   21.75 26.5  31.25 36.   40.75 45.5  50.25 55.  ],[ 3.  9. 10. 11. 16.],8.555328161867756e-09,0.6424209003735183,0.5887305602952002,1.0
37,18,[17.   21.75 26.5  31.25 36.   40.75 45.5  50.25 55.  ],[ 3.    4.88  8.51 10.53 16.  ],6.951104423677967e-25,0.6108671685667986,0.4530628847466778,1.0
